subject,env,skenario,rep,t0,td,trci,t2,r1_t0,r1_t1,r1_t2,kubectl_cmds,notes
S1,manual,A,1,5.46,21.67,80.86,146.17,0.9902,0.6349,0.9251,10,mock seed=42 R2
S1,manual,A,2,6.32,31.03,62.34,90.71,1.0,0.6923,0.9029,5,mock seed=42 R2
S1,manual,A,3,4.39,26.66,49.89,135.07,1.0,0.6943,0.8864,11,mock seed=42 R2
S1,manual,A,4,6.02,32.14,71.72,135.59,0.9927,0.684,0.9012,9,mock seed=42 R2
S1,manual,A,5,6.19,28.2,56.85,143.34,0.999,0.6362,0.8747,8,mock seed=42 R2
S1,manual,A,6,4.01,28.07,58.44,73.1,1.0,0.6765,0.9205,7,mock seed=42 R2
S1,manual,A,7,3.02,22.08,73.92,83.03,0.9981,0.765,0.9057,7,mock seed=42 R2
S1,manual,A,8,5.36,25.89,37.37,116.47,0.9974,0.7116,0.9209,5,mock seed=42 R2
S1,manual,A,9,6.25,34.87,94.97,73.34,0.9968,0.6537,0.9044,6,mock seed=42 R2
S1,manual,A,10,8.0,59.04,74.21,80.16,0.9893,0.7134,0.8875,6,mock seed=42 R2
S1,manual,A,11,2.49,26.9,64.94,174.46,1.0,0.7491,0.9,8,mock seed=42 R1
S1,manual,A,12,4.77,31.11,53.04,129.26,0.9977,0.6387,0.8689,11,mock seed=42 R1
S1,manual,A,13,3.16,18.57,98.69,172.95,0.9991,0.6808,0.9785,7,mock seed=42 R1
S1,manual,A,14,7.11,32.36,78.75,43.88,0.9998,0.6578,0.8712,8,mock seed=42 R1
S1,manual,A,15,6.5,36.59,92.48,108.72,0.9965,0.6888,0.9297,10,mock seed=42 R1
S1,manual,B,1,6.81,32.81,79.57,60.84,0.9992,0.5969,0.8788,9,mock seed=42 R2
S1,manual,B,2,4.86,19.85,55.43,280.23,0.9936,0.5952,0.9735,5,mock seed=42 R2
S1,manual,B,3,4.45,46.3,150.34,120.37,0.9988,0.6889,0.9174,8,mock seed=42 R2
S1,manual,B,4,2.94,39.0,91.09,182.91,0.9972,0.6736,0.9405,9,mock seed=42 R2
S1,manual,B,5,5.08,42.0,77.57,187.24,0.9995,0.7547,0.9629,9,mock seed=42 R2
S1,manual,B,6,3.33,57.01,106.8,195.63,0.9913,0.6964,0.9182,13,mock seed=42 R2
S1,manual,B,7,4.56,40.7,91.52,178.83,1.0,0.5217,0.8905,11,mock seed=42 R2
S1,manual,B,8,4.44,19.87,108.74,259.61,0.9923,0.6932,0.8869,9,mock seed=42 R2
S1,manual,B,9,4.5,58.38,116.3,259.87,1.0,0.672,0.9698,11,mock seed=42 R2
S1,manual,B,10,4.56,42.84,78.29,221.77,0.9941,0.6891,0.8924,11,mock seed=42 R2
S1,manual,B,11,7.73,51.21,52.31,167.57,0.9941,0.6241,0.9604,17,mock seed=42 R1
S1,manual,B,12,3.18,33.54,108.27,230.27,1.0,0.5354,0.9122,10,mock seed=42 R1
S1,manual,B,13,4.11,49.45,52.03,246.72,1.0,0.6923,0.8772,12,mock seed=42 R1
S1,manual,B,14,5.35,44.95,107.03,126.71,0.9993,0.6424,0.9153,16,mock seed=42 R1
S1,manual,B,15,4.81,60.67,76.92,128.82,1.0,0.6922,0.9005,17,mock seed=42 R1
S1,manual,C,1,8.49,23.65,21.94,140.72,0.9977,0.8054,0.9924,7,mock seed=42 R2
S1,manual,C,2,1.53,25.61,47.22,108.09,1.0,0.8069,0.9704,3,mock seed=42 R2
S1,manual,C,3,5.3,31.4,48.5,109.85,0.9987,0.7941,0.9732,8,mock seed=42 R2
S1,manual,C,4,6.99,24.68,77.33,97.63,0.9958,0.7703,0.8808,5,mock seed=42 R2
S1,manual,C,5,3.44,28.79,52.84,42.82,1.0,0.7697,0.9186,9,mock seed=42 R2
S1,manual,C,6,4.5,33.63,61.33,91.26,1.0,0.8976,1.0,5,mock seed=42 R2
S1,manual,C,7,5.47,18.9,28.77,35.92,0.9944,0.7771,0.9283,9,mock seed=42 R2
S1,manual,C,8,3.29,25.25,97.86,101.36,1.0,0.8046,0.9632,7,mock seed=42 R2
S1,manual,C,9,6.63,27.97,50.28,107.94,0.9985,0.8468,0.8667,4,mock seed=42 R2
S1,manual,C,10,3.92,13.84,6.09,79.51,1.0,0.8217,0.9176,4,mock seed=42 R2
S1,manual,C,11,6.19,27.81,66.03,75.38,1.0,0.8814,0.9012,5,mock seed=42 R1
S1,manual,C,12,5.2,27.15,80.82,84.69,0.9953,0.7776,0.9581,5,mock seed=42 R1
S1,manual,C,13,2.47,18.95,59.09,89.89,0.9987,0.792,0.9481,11,mock seed=42 R1
S1,manual,C,14,3.67,24.67,60.52,96.46,0.9962,0.845,0.9696,4,mock seed=42 R1
S1,manual,C,15,4.9,27.18,40.16,100.41,0.9927,0.8668,0.9899,13,mock seed=42 R1
S1,manual,D,1,7.73,26.48,81.27,199.03,0.9974,0.6406,0.8797,15,mock seed=42 R2
S1,manual,D,2,4.06,42.47,153.43,280.18,1.0,0.5157,0.8915,7,mock seed=42 R2
S1,manual,D,3,2.86,59.53,100.06,140.27,1.0,0.6121,0.8454,13,mock seed=42 R2
S1,manual,D,4,5.05,56.74,107.46,260.23,0.9973,0.5794,0.9245,9,mock seed=42 R2
S1,manual,D,5,7.42,92.65,115.95,95.52,0.9984,0.5857,0.8624,8,mock seed=42 R2
S1,manual,D,6,5.79,28.96,159.69,368.4,1.0,0.5831,0.8643,14,mock seed=42 R2
S1,manual,D,7,5.25,46.35,205.17,216.09,1.0,0.5448,0.8935,13,mock seed=42 R2
S1,manual,D,8,4.51,25.85,131.3,166.27,0.9983,0.5959,0.8018,10,mock seed=42 R2
S1,manual,D,9,4.22,12.11,163.08,246.63,0.9964,0.5342,0.9034,10,mock seed=42 R2
S1,manual,D,10,5.58,49.87,164.34,270.76,1.0,0.5739,0.8526,8,mock seed=42 R2
S1,manual,D,11,7.25,45.27,115.18,249.48,0.9988,0.6476,0.7799,7,mock seed=42 R1
S1,manual,D,12,1.52,37.32,95.76,214.24,1.0,0.5877,0.8288,11,mock seed=42 R1
S1,manual,D,13,3.54,38.16,154.12,212.85,1.0,0.5993,0.8981,16,mock seed=42 R1
S1,manual,D,14,4.68,33.35,70.09,274.91,0.9982,0.5489,0.8662,10,mock seed=42 R1
S1,manual,D,15,2.76,37.96,189.86,247.33,1.0,0.543,0.8252,14,mock seed=42 R1
S1,manual,E,1,5.82,35.67,83.43,149.26,1.0,0.7904,0.8652,5,mock seed=42 R2
S1,manual,E,2,6.4,58.18,88.93,126.61,0.9955,0.7506,0.918,10,mock seed=42 R2
S1,manual,E,3,5.96,41.66,35.8,146.07,0.9972,0.686,0.9973,7,mock seed=42 R2
S1,manual,E,4,5.09,23.03,75.82,139.09,1.0,0.7947,0.9305,7,mock seed=42 R2
S1,manual,E,5,5.59,17.54,74.17,185.07,1.0,0.8013,0.9316,10,mock seed=42 R2
S1,manual,E,6,4.13,40.67,65.36,115.65,1.0,0.7299,0.9398,6,mock seed=42 R2
S1,manual,E,7,1.83,16.69,77.67,143.82,0.9994,0.8107,0.8231,7,mock seed=42 R2
S1,manual,E,8,7.76,33.99,121.01,144.02,1.0,0.7453,0.9352,8,mock seed=42 R2
S1,manual,E,9,5.42,37.96,84.78,160.67,0.9903,0.7833,0.8907,5,mock seed=42 R2
S1,manual,E,10,4.39,31.17,75.92,154.42,0.995,0.7862,0.9325,10,mock seed=42 R2
S1,manual,E,11,5.43,51.92,67.04,35.55,0.9915,0.7083,0.9077,6,mock seed=42 R1
S1,manual,E,12,2.7,42.22,79.37,136.2,1.0,0.7189,1.0,6,mock seed=42 R1
S1,manual,E,13,4.07,49.0,103.74,203.9,1.0,0.8182,0.8548,9,mock seed=42 R1
S1,manual,E,14,5.01,42.88,103.92,212.93,1.0,0.7795,0.884,2,mock seed=42 R1
S1,manual,E,15,5.32,47.85,88.34,193.81,1.0,0.7322,0.9434,7,mock seed=42 R1
S1,manual,F,1,7.06,53.85,257.62,284.84,1.0,0.6308,0.8652,13,mock seed=42 R2
S1,manual,F,2,4.95,37.21,142.18,221.54,1.0,0.5517,0.8487,15,mock seed=42 R2
S1,manual,F,3,5.93,44.11,105.88,379.45,0.9979,0.4792,0.8778,22,mock seed=42 R2
S1,manual,F,4,5.34,76.9,171.3,339.03,0.993,0.5666,0.8479,16,mock seed=42 R2
S1,manual,F,5,7.22,96.91,214.74,275.62,1.0,0.5883,0.8648,20,mock seed=42 R2
S1,manual,F,6,4.91,49.22,134.85,339.2,1.0,0.567,0.8868,16,mock seed=42 R2
S1,manual,F,7,5.57,39.66,220.63,242.19,0.9917,0.4977,0.8192,9,mock seed=42 R2
S1,manual,F,8,4.49,74.71,169.7,312.02,1.0,0.5808,0.7757,22,mock seed=42 R2
S1,manual,F,9,5.05,62.91,202.3,386.54,1.0,0.525,0.8794,13,mock seed=42 R2
S1,manual,F,10,6.48,52.46,191.22,342.92,0.9952,0.5987,0.8879,15,mock seed=42 R2
S1,manual,F,11,3.71,52.84,179.07,203.29,1.0,0.4879,0.8518,17,mock seed=42 R1
S1,manual,F,12,2.93,90.82,160.92,320.16,1.0,0.5722,0.8539,19,mock seed=42 R1
S1,manual,F,13,4.91,42.74,175.02,408.56,0.9996,0.5402,0.8154,10,mock seed=42 R1
S1,manual,F,14,6.98,116.09,126.9,407.72,1.0,0.5424,0.8773,16,mock seed=42 R1
S1,manual,F,15,2.68,75.35,141.22,234.03,1.0,0.5897,0.8672,14,mock seed=42 R1
S1,manual,G,1,5.74,59.69,150.98,254.42,1.0,0.7099,0.9308,12,mock seed=42 R2
S1,manual,G,2,4.46,51.08,77.38,215.67,1.0,0.6425,0.9006,9,mock seed=42 R2
S1,manual,G,3,4.75,64.06,112.04,192.12,0.9996,0.6802,0.9788,6,mock seed=42 R2
S1,manual,G,4,6.53,60.48,116.07,244.87,1.0,0.6519,0.9379,13,mock seed=42 R2
S1,manual,G,5,4.45,30.27,47.03,183.34,0.995,0.6758,0.846,8,mock seed=42 R2
S1,manual,G,6,2.94,41.82,122.06,224.94,0.9993,0.7566,0.9503,7,mock seed=42 R2
S1,manual,G,7,3.02,39.46,123.87,184.16,0.9967,0.6463,0.8815,7,mock seed=42 R2
S1,manual,G,8,2.93,21.1,35.76,121.86,1.0,0.6778,0.9616,10,mock seed=42 R2
S1,manual,G,9,5.13,50.73,83.85,191.52,1.0,0.7109,0.9721,14,mock seed=42 R2
S1,manual,G,10,4.06,56.93,108.73,289.16,0.9976,0.73,0.9139,12,mock seed=42 R2
S1,manual,G,11,5.04,37.89,163.46,210.73,0.9989,0.7397,0.8232,6,mock seed=42 R1
S1,manual,G,12,6.24,48.55,95.51,167.51,0.9894,0.6929,0.9438,13,mock seed=42 R1
S1,manual,G,13,4.48,29.85,136.55,151.52,1.0,0.7083,0.9834,7,mock seed=42 R1
S1,manual,G,14,5.34,59.61,119.67,99.43,0.9994,0.7171,0.8349,11,mock seed=42 R1
S1,manual,G,15,4.21,31.89,186.22,208.63,0.9963,0.7258,0.9056,6,mock seed=42 R1
S1,gitops,A,1,4.7,13.86,28.15,57.71,0.9981,0.7458,0.9727,0,mock seed=42 R2
S1,gitops,A,2,4.7,15.85,24.93,71.96,1.0,0.748,0.9749,3,mock seed=42 R2
S1,gitops,A,3,5.29,16.25,30.8,62.62,1.0,0.7613,0.9613,1,mock seed=42 R2
S1,gitops,A,4,3.6,15.21,35.62,50.22,1.0,0.6542,0.9833,1,mock seed=42 R2
S1,gitops,A,5,5.37,10.79,38.38,65.42,0.9991,0.7288,0.9759,0,mock seed=42 R2
S1,gitops,A,6,4.74,14.54,27.79,54.77,1.0,0.7128,0.9965,1,mock seed=42 R2
S1,gitops,A,7,4.66,20.02,22.94,71.35,1.0,0.6574,1.0,2,mock seed=42 R2
S1,gitops,A,8,4.83,14.53,31.76,72.61,1.0,0.6544,0.9982,0,mock seed=42 R2
S1,gitops,A,9,5.52,16.68,28.78,51.64,0.9957,0.6182,0.9924,1,mock seed=42 R2
S1,gitops,A,10,2.64,12.19,35.04,54.02,1.0,0.6305,1.0,1,mock seed=42 R2
S1,gitops,A,11,6.86,18.41,28.62,54.66,0.9984,0.7255,0.9889,1,mock seed=42 R1
S1,gitops,A,12,4.91,20.17,30.41,76.07,1.0,0.7481,0.9828,1,mock seed=42 R1
S1,gitops,A,13,5.79,15.09,24.21,47.76,0.9929,0.6116,0.9911,0,mock seed=42 R1
S1,gitops,A,14,4.99,9.91,29.14,58.53,1.0,0.6271,0.9861,0,mock seed=42 R1
S1,gitops,A,15,5.36,16.27,30.52,62.97,1.0,0.6595,0.9988,1,mock seed=42 R1
S1,gitops,B,1,5.14,18.15,44.85,81.6,0.9946,0.6323,0.979,3,mock seed=42 R2
S1,gitops,B,2,4.55,18.13,53.94,94.46,0.9989,0.6749,0.9689,1,mock seed=42 R2
S1,gitops,B,3,5.11,20.2,48.7,102.09,0.99,0.5659,0.9921,2,mock seed=42 R2
S1,gitops,B,4,3.45,16.2,26.44,86.84,0.9991,0.6288,1.0,0,mock seed=42 R2
S1,gitops,B,5,4.86,13.6,49.17,97.5,1.0,0.6991,0.9784,0,mock seed=42 R2
S1,gitops,B,6,4.23,22.25,33.61,77.44,1.0,0.637,0.9984,1,mock seed=42 R2
S1,gitops,B,7,6.09,19.29,32.98,79.16,1.0,0.6698,0.9743,0,mock seed=42 R2
S1,gitops,B,8,4.53,18.9,35.71,81.52,0.9964,0.6886,0.9981,0,mock seed=42 R2
S1,gitops,B,9,4.69,20.42,39.49,74.52,0.9953,0.6183,0.9784,0,mock seed=42 R2
S1,gitops,B,10,5.58,15.24,45.17,87.03,1.0,0.6494,0.9755,0,mock seed=42 R2
S1,gitops,B,11,5.02,23.09,30.05,94.67,1.0,0.6423,0.9955,0,mock seed=42 R1
S1,gitops,B,12,4.9,15.14,29.18,102.73,0.9951,0.6272,0.9761,4,mock seed=42 R1
S1,gitops,B,13,5.26,20.72,55.65,75.59,0.9997,0.7066,1.0,0,mock seed=42 R1
S1,gitops,B,14,4.75,24.07,48.43,92.64,0.9989,0.6308,0.9929,0,mock seed=42 R1
S1,gitops,B,15,4.97,20.24,40.42,97.18,1.0,0.5612,0.9932,0,mock seed=42 R1
S1,gitops,C,1,5.46,12.08,27.86,58.82,1.0,0.8566,0.9666,0,mock seed=42 R2
S1,gitops,C,2,5.3,13.94,20.43,43.77,1.0,0.7991,0.9928,2,mock seed=42 R2
S1,gitops,C,3,5.01,11.63,19.48,53.77,0.9879,0.8324,0.9751,1,mock seed=42 R2
S1,gitops,C,4,5.94,11.68,22.4,46.2,1.0,0.8268,0.9861,1,mock seed=42 R2
S1,gitops,C,5,5.31,8.83,27.82,50.96,1.0,0.745,0.989,2,mock seed=42 R2
S1,gitops,C,6,5.18,12.0,26.06,44.76,0.9996,0.7201,0.9914,0,mock seed=42 R2
S1,gitops,C,7,4.82,9.09,28.71,52.73,0.9964,0.786,0.975,2,mock seed=42 R2
S1,gitops,C,8,4.49,13.15,22.98,51.86,0.9993,0.8437,0.9847,1,mock seed=42 R2
S1,gitops,C,9,3.89,11.04,20.32,53.08,0.9977,0.9187,0.9726,0,mock seed=42 R2
S1,gitops,C,10,4.1,11.11,25.53,32.56,1.0,0.8951,0.9855,1,mock seed=42 R2
S1,gitops,C,11,4.87,10.95,16.47,54.81,0.9994,0.7494,0.9913,1,mock seed=42 R1
S1,gitops,C,12,5.49,9.59,28.93,39.52,0.9967,0.8961,1.0,0,mock seed=42 R1
S1,gitops,C,13,4.25,11.05,25.27,50.28,0.9995,0.7985,0.9879,1,mock seed=42 R1
S1,gitops,C,14,5.73,9.54,24.29,43.85,1.0,0.7806,1.0,1,mock seed=42 R1
S1,gitops,C,15,5.54,10.61,22.84,52.35,0.9975,0.8446,0.9823,1,mock seed=42 R1
S1,gitops,D,1,4.55,29.12,65.66,150.78,1.0,0.5485,0.9907,2,mock seed=42 R2
S1,gitops,D,2,4.15,21.06,58.7,98.1,1.0,0.5541,1.0,0,mock seed=42 R2
S1,gitops,D,3,4.75,23.31,60.65,96.68,1.0,0.656,0.993,1,mock seed=42 R2
S1,gitops,D,4,4.1,30.48,67.28,121.72,0.9878,0.5508,0.9969,2,mock seed=42 R2
S1,gitops,D,5,5.24,28.81,45.07,119.86,1.0,0.585,0.9715,0,mock seed=42 R2
S1,gitops,D,6,4.74,24.44,54.93,112.03,0.9998,0.6221,0.987,1,mock seed=42 R2
S1,gitops,D,7,3.46,26.79,59.99,120.71,1.0,0.5024,0.9703,0,mock seed=42 R2
S1,gitops,D,8,4.99,25.64,55.84,131.96,1.0,0.6242,0.9874,2,mock seed=42 R2
S1,gitops,D,9,5.52,21.7,66.06,135.49,1.0,0.5562,0.9877,1,mock seed=42 R2
S1,gitops,D,10,4.11,26.55,65.21,121.58,1.0,0.5871,1.0,0,mock seed=42 R2
S1,gitops,D,11,4.53,25.04,67.91,93.05,0.9934,0.4981,0.9903,1,mock seed=42 R1
S1,gitops,D,12,5.53,22.59,62.08,114.61,1.0,0.6238,0.9831,0,mock seed=42 R1
S1,gitops,D,13,5.83,26.48,47.43,131.8,0.9946,0.6706,1.0,1,mock seed=42 R1
S1,gitops,D,14,4.83,27.54,56.66,124.24,1.0,0.5719,0.9838,2,mock seed=42 R1
S1,gitops,D,15,5.58,31.78,72.83,90.73,1.0,0.6711,0.9854,0,mock seed=42 R1
S1,gitops,E,1,3.39,18.72,29.42,77.25,0.9922,0.7771,1.0,1,mock seed=42 R2
S1,gitops,E,2,3.28,17.28,31.95,57.55,1.0,0.7275,0.9792,1,mock seed=42 R2
S1,gitops,E,3,5.48,17.65,38.25,61.94,1.0,0.7574,0.9853,3,mock seed=42 R2
S1,gitops,E,4,2.67,21.21,19.0,68.07,1.0,0.7341,0.9753,0,mock seed=42 R2
S1,gitops,E,5,5.82,12.81,40.93,74.38,0.994,0.7208,0.9798,1,mock seed=42 R2
S1,gitops,E,6,3.62,16.91,30.47,89.55,0.9932,0.8302,0.9897,1,mock seed=42 R2
S1,gitops,E,7,4.36,14.56,35.5,61.19,0.9891,0.731,0.972,1,mock seed=42 R2
S1,gitops,E,8,4.3,23.4,35.3,77.76,0.9911,0.7173,0.9922,2,mock seed=42 R2
S1,gitops,E,9,4.77,16.42,35.86,67.79,0.9986,0.7382,0.9827,0,mock seed=42 R2
S1,gitops,E,10,5.19,17.76,32.74,83.96,0.9988,0.7347,0.991,1,mock seed=42 R2
S1,gitops,E,11,5.62,12.89,36.14,92.72,1.0,0.7585,0.9844,1,mock seed=42 R1
S1,gitops,E,12,4.37,17.22,36.04,66.37,0.996,0.682,0.9939,1,mock seed=42 R1
S1,gitops,E,13,5.77,18.24,37.06,78.42,0.9995,0.7235,1.0,0,mock seed=42 R1
S1,gitops,E,14,4.47,19.17,36.32,59.2,1.0,0.7453,0.9789,1,mock seed=42 R1
S1,gitops,E,15,3.99,22.8,38.46,74.89,1.0,0.758,0.9897,0,mock seed=42 R1
S1,gitops,F,1,5.47,32.14,70.15,132.23,1.0,0.5465,0.9767,1,mock seed=42 R2
S1,gitops,F,2,2.92,30.92,64.98,179.44,0.9975,0.583,0.986,1,mock seed=42 R2
S1,gitops,F,3,4.63,34.48,59.57,156.63,1.0,0.583,1.0,1,mock seed=42 R2
S1,gitops,F,4,4.2,32.97,75.23,152.3,0.9944,0.5883,0.9778,0,mock seed=42 R2
S1,gitops,F,5,7.29,31.65,76.12,138.91,0.9909,0.5199,0.9791,1,mock seed=42 R2
S1,gitops,F,6,5.22,31.71,66.76,146.11,1.0,0.5484,0.9953,0,mock seed=42 R2
S1,gitops,F,7,4.73,23.67,49.23,144.11,1.0,0.4857,0.9897,1,mock seed=42 R2
S1,gitops,F,8,4.27,31.83,74.06,124.04,1.0,0.6011,0.9978,1,mock seed=42 R2
S1,gitops,F,9,4.5,32.11,72.05,164.16,1.0,0.5909,0.9909,1,mock seed=42 R2
S1,gitops,F,10,4.36,21.86,86.21,155.77,0.9914,0.5143,0.9977,3,mock seed=42 R2
S1,gitops,F,11,4.36,30.95,74.1,161.17,1.0,0.5599,0.9949,2,mock seed=42 R1
S1,gitops,F,12,5.17,33.48,75.83,150.99,0.996,0.5534,0.9897,0,mock seed=42 R1
S1,gitops,F,13,6.77,27.64,74.43,174.04,1.0,0.6669,0.9862,2,mock seed=42 R1
S1,gitops,F,14,5.2,33.81,73.35,178.33,0.9995,0.5334,1.0,2,mock seed=42 R1
S1,gitops,F,15,4.25,34.21,66.17,152.87,0.9997,0.5866,0.9815,2,mock seed=42 R1
S1,gitops,G,1,5.27,19.33,55.08,88.84,0.9974,0.6328,1.0,2,mock seed=42 R2
S1,gitops,G,2,7.25,16.36,44.46,90.76,0.9957,0.6261,0.987,0,mock seed=42 R2
S1,gitops,G,3,5.27,22.17,53.61,107.62,1.0,0.6613,1.0,1,mock seed=42 R2
S1,gitops,G,4,4.2,16.26,50.13,98.17,0.9977,0.7805,0.9955,0,mock seed=42 R2
S1,gitops,G,5,4.26,18.7,50.28,102.6,0.9907,0.671,0.9901,1,mock seed=42 R2
S1,gitops,G,6,4.57,21.42,50.68,109.07,1.0,0.6653,0.9854,1,mock seed=42 R2
S1,gitops,G,7,4.65,24.61,57.35,119.38,1.0,0.6367,0.9901,2,mock seed=42 R2
S1,gitops,G,8,3.81,22.31,44.24,101.29,0.996,0.625,0.9923,1,mock seed=42 R2
S1,gitops,G,9,6.75,22.92,53.64,83.84,0.9936,0.7591,0.9808,0,mock seed=42 R2
S1,gitops,G,10,4.97,21.7,43.23,95.43,1.0,0.6397,0.9761,0,mock seed=42 R2
S1,gitops,G,11,5.39,19.95,38.13,88.83,0.9997,0.7383,0.9796,1,mock seed=42 R1
S1,gitops,G,12,3.09,25.41,41.13,104.98,1.0,0.7342,0.9955,1,mock seed=42 R1
S1,gitops,G,13,5.11,21.36,53.58,111.84,1.0,0.6693,0.9715,1,mock seed=42 R1
S1,gitops,G,14,4.13,24.08,56.81,101.9,0.9847,0.6161,1.0,1,mock seed=42 R1
S1,gitops,G,15,5.99,22.04,58.29,104.15,1.0,0.6982,0.997,1,mock seed=42 R1
S2,manual,A,1,2.63,35.72,88.6,155.13,0.9979,0.7582,0.9571,4,mock seed=42 R2
S2,manual,A,2,3.66,5.39,57.39,126.63,0.9975,0.7968,0.9205,8,mock seed=42 R2
S2,manual,A,3,5.61,52.61,60.65,128.35,1.0,0.757,0.9205,8,mock seed=42 R2
S2,manual,A,4,4.95,26.85,67.68,208.65,1.0,0.7525,0.9538,6,mock seed=42 R2
S2,manual,A,5,3.96,45.69,80.84,136.28,1.0,0.6981,0.9279,11,mock seed=42 R2
S2,manual,A,6,6.68,27.84,48.51,140.98,0.9945,0.6881,0.9154,10,mock seed=42 R2
S2,manual,A,7,6.03,25.7,34.15,136.86,1.0,0.6978,0.8416,5,mock seed=42 R2
S2,manual,A,8,4.73,25.41,77.66,98.74,1.0,0.7141,0.8921,8,mock seed=42 R2
S2,manual,A,9,7.36,15.41,37.46,151.96,1.0,0.6628,0.8947,7,mock seed=42 R2
S2,manual,A,10,8.16,26.05,65.67,176.31,0.9924,0.7514,0.8793,7,mock seed=42 R2
S2,manual,A,11,4.81,32.16,77.31,80.77,1.0,0.741,1.0,5,mock seed=42 R1
S2,manual,A,12,5.81,23.68,57.87,117.06,1.0,0.6698,0.8463,6,mock seed=42 R1
S2,manual,A,13,4.34,44.0,79.11,114.55,0.9977,0.6783,0.9331,11,mock seed=42 R1
S2,manual,A,14,4.83,32.51,82.79,161.12,1.0,0.7408,0.8919,8,mock seed=42 R1
S2,manual,A,15,5.37,41.03,75.59,155.65,1.0,0.7761,0.9344,6,mock seed=42 R1
S2,manual,B,1,4.12,42.14,141.65,199.48,0.9914,0.6392,0.9713,6,mock seed=42 R2
S2,manual,B,2,4.68,19.31,155.22,206.01,0.9996,0.6314,0.9433,6,mock seed=42 R2
S2,manual,B,3,5.81,45.08,103.32,162.02,1.0,0.6067,0.8351,17,mock seed=42 R2
S2,manual,B,4,4.52,51.92,97.65,146.01,0.9984,0.751,0.8306,12,mock seed=42 R2
S2,manual,B,5,4.84,36.54,37.07,190.96,0.9981,0.545,0.9336,18,mock seed=42 R2
S2,manual,B,6,6.7,30.14,104.98,193.55,0.991,0.6735,0.9909,5,mock seed=42 R2
S2,manual,B,7,5.27,41.08,110.32,129.15,0.9952,0.7133,0.9549,7,mock seed=42 R2
S2,manual,B,8,4.87,46.28,112.67,222.01,1.0,0.7205,0.9124,13,mock seed=42 R2
S2,manual,B,9,3.77,57.6,107.52,72.82,1.0,0.6228,0.9565,9,mock seed=42 R2
S2,manual,B,10,6.77,30.69,69.51,160.92,1.0,0.5835,0.8333,11,mock seed=42 R2
S2,manual,B,11,4.41,18.6,78.83,170.61,1.0,0.6114,0.9663,8,mock seed=42 R1
S2,manual,B,12,7.31,44.66,82.6,163.04,1.0,0.7233,0.8673,7,mock seed=42 R1
S2,manual,B,13,3.52,41.3,99.16,229.49,1.0,0.6335,0.8914,14,mock seed=42 R1
S2,manual,B,14,5.88,40.89,70.21,121.91,1.0,0.6422,0.9656,6,mock seed=42 R1
S2,manual,B,15,8.59,28.68,42.63,237.0,0.9959,0.649,0.8766,10,mock seed=42 R1
S2,manual,C,1,3.49,19.91,49.27,54.28,0.9979,0.8059,0.924,1,mock seed=42 R2
S2,manual,C,2,4.02,30.42,78.69,81.77,1.0,0.788,0.9546,6,mock seed=42 R2
S2,manual,C,3,3.96,13.97,57.33,44.94,0.9988,0.8643,0.8636,10,mock seed=42 R2
S2,manual,C,4,3.33,31.52,74.57,101.01,0.9991,0.82,0.8255,5,mock seed=42 R2
S2,manual,C,5,4.79,25.71,56.9,99.61,1.0,0.7457,0.947,8,mock seed=42 R2
S2,manual,C,6,3.25,15.36,83.5,81.82,0.9999,0.7799,0.9022,5,mock seed=42 R2
S2,manual,C,7,2.34,32.91,74.14,124.81,0.9977,0.7917,0.97,1,mock seed=42 R2
S2,manual,C,8,2.57,26.06,72.8,60.87,1.0,0.8166,0.97,7,mock seed=42 R2
S2,manual,C,9,7.63,31.44,67.7,122.58,1.0,0.7878,0.9334,4,mock seed=42 R2
S2,manual,C,10,3.48,36.57,44.09,109.28,1.0,0.8192,0.9438,9,mock seed=42 R2
S2,manual,C,11,4.14,29.44,50.75,111.34,0.9968,0.787,0.9788,5,mock seed=42 R1
S2,manual,C,12,5.42,14.8,44.53,84.61,0.9979,0.7733,0.9403,4,mock seed=42 R1
S2,manual,C,13,2.69,27.46,66.15,65.61,1.0,0.7942,1.0,7,mock seed=42 R1
S2,manual,C,14,4.84,29.39,58.81,129.1,1.0,0.7916,0.9838,5,mock seed=42 R1
S2,manual,C,15,6.18,32.58,52.44,135.78,1.0,0.8122,0.9071,2,mock seed=42 R1
S2,manual,D,1,4.49,38.49,73.84,271.29,0.9961,0.753,0.8266,13,mock seed=42 R2
S2,manual,D,2,7.29,53.52,154.66,101.9,0.9966,0.5463,0.7942,9,mock seed=42 R2
S2,manual,D,3,3.75,58.74,144.1,289.14,1.0,0.657,0.8699,8,mock seed=42 R2
S2,manual,D,4,5.21,46.24,118.84,172.08,1.0,0.5953,0.8435,22,mock seed=42 R2
S2,manual,D,5,6.47,53.74,97.83,283.3,0.9972,0.5297,0.9108,12,mock seed=42 R2
S2,manual,D,6,5.06,70.5,132.79,145.98,1.0,0.5758,0.9455,17,mock seed=42 R2
S2,manual,D,7,5.54,83.13,194.41,353.24,0.9949,0.6456,0.8411,8,mock seed=42 R2
S2,manual,D,8,4.03,41.85,167.58,282.77,1.0,0.5325,0.8575,7,mock seed=42 R2
S2,manual,D,9,3.87,9.35,62.03,325.24,0.998,0.5625,0.9357,6,mock seed=42 R2
S2,manual,D,10,4.56,50.42,141.0,337.44,1.0,0.6363,0.9168,6,mock seed=42 R2
S2,manual,D,11,4.56,12.87,47.72,158.36,1.0,0.6057,0.8774,16,mock seed=42 R1
S2,manual,D,12,4.96,57.29,102.84,229.94,0.992,0.6705,0.8427,13,mock seed=42 R1
S2,manual,D,13,6.54,51.66,130.78,188.05,1.0,0.6159,0.8386,7,mock seed=42 R1
S2,manual,D,14,5.39,31.69,114.3,242.4,1.0,0.6111,0.9253,11,mock seed=42 R1
S2,manual,D,15,4.91,90.15,112.78,175.57,0.9939,0.7166,0.9028,10,mock seed=42 R1
S2,manual,E,1,6.59,34.73,94.09,243.38,0.9982,0.7289,0.9347,10,mock seed=42 R2
S2,manual,E,2,3.86,35.87,77.31,173.95,0.9932,0.708,0.9409,8,mock seed=42 R2
S2,manual,E,3,4.89,52.09,74.25,104.46,0.9975,0.76,0.9151,5,mock seed=42 R2
S2,manual,E,4,3.64,36.94,66.58,93.84,0.9978,0.7263,0.9031,5,mock seed=42 R2
S2,manual,E,5,5.01,40.71,87.05,231.28,0.9958,0.793,0.9383,4,mock seed=42 R2
S2,manual,E,6,2.41,23.53,101.21,122.56,0.9945,0.7615,0.9091,9,mock seed=42 R2
S2,manual,E,7,7.74,24.94,107.69,114.44,1.0,0.7796,0.8894,3,mock seed=42 R2
S2,manual,E,8,5.07,46.4,80.04,87.2,0.9959,0.7618,0.9786,5,mock seed=42 R2
S2,manual,E,9,3.76,23.64,84.7,150.43,1.0,0.7773,0.9397,7,mock seed=42 R2
S2,manual,E,10,4.06,31.83,51.01,196.61,1.0,0.7769,1.0,3,mock seed=42 R2
S2,manual,E,11,5.38,33.29,85.6,178.22,0.9994,0.8388,0.9396,7,mock seed=42 R1
S2,manual,E,12,2.81,29.88,75.81,165.87,1.0,0.7838,0.9042,11,mock seed=42 R1
S2,manual,E,13,5.27,44.91,85.78,100.3,0.9925,0.7144,0.9526,3,mock seed=42 R1
S2,manual,E,14,4.46,22.35,44.15,107.37,1.0,0.691,0.9254,10,mock seed=42 R1
S2,manual,E,15,5.72,41.43,100.58,119.06,1.0,0.7469,0.9582,9,mock seed=42 R1
S2,manual,F,1,2.23,67.82,126.65,206.8,0.9997,0.5808,0.8019,21,mock seed=42 R2
S2,manual,F,2,6.65,77.01,196.0,186.54,1.0,0.5074,0.8704,16,mock seed=42 R2
S2,manual,F,3,2.98,79.49,162.59,383.27,0.9998,0.4797,0.8986,11,mock seed=42 R2
S2,manual,F,4,4.03,94.08,113.5,256.15,1.0,0.4954,0.8732,12,mock seed=42 R2
S2,manual,F,5,5.59,11.04,152.2,258.23,0.9959,0.6041,0.847,13,mock seed=42 R2
S2,manual,F,6,2.12,41.61,198.4,104.6,0.9962,0.53,0.9297,16,mock seed=42 R2
S2,manual,F,7,6.96,49.0,200.62,168.82,1.0,0.5297,0.8189,16,mock seed=42 R2
S2,manual,F,8,4.26,73.47,127.07,338.04,1.0,0.547,0.8423,20,mock seed=42 R2
S2,manual,F,9,6.06,43.93,133.49,241.72,1.0,0.5413,0.8655,21,mock seed=42 R2
S2,manual,F,10,2.59,57.08,161.65,351.59,1.0,0.5642,0.8834,14,mock seed=42 R2
S2,manual,F,11,4.95,27.36,135.64,289.81,0.9986,0.5377,0.8795,11,mock seed=42 R1
S2,manual,F,12,4.48,77.44,231.96,351.87,0.9927,0.5384,0.8703,9,mock seed=42 R1
S2,manual,F,13,3.62,64.23,173.42,355.59,0.996,0.5327,0.7518,11,mock seed=42 R1
S2,manual,F,14,4.21,43.73,161.65,280.22,0.9887,0.5608,0.8229,5,mock seed=42 R1
S2,manual,F,15,5.05,57.65,168.0,295.66,0.9987,0.4732,0.8009,15,mock seed=42 R1
S2,manual,G,1,4.09,54.87,100.79,134.99,0.9986,0.6913,0.923,7,mock seed=42 R2
S2,manual,G,2,3.39,22.27,83.74,130.32,1.0,0.7101,0.8738,16,mock seed=42 R2
S2,manual,G,3,1.71,18.17,114.27,169.59,0.9945,0.6833,0.9146,4,mock seed=42 R2
S2,manual,G,4,6.6,32.64,202.88,211.39,1.0,0.7063,0.9851,14,mock seed=42 R2
S2,manual,G,5,6.66,41.64,96.1,245.78,0.9973,0.6781,0.8467,10,mock seed=42 R2
S2,manual,G,6,3.03,27.06,126.22,307.64,1.0,0.5852,0.9668,16,mock seed=42 R2
S2,manual,G,7,6.1,49.88,112.95,176.48,0.9939,0.6322,0.8987,12,mock seed=42 R2
S2,manual,G,8,4.73,52.41,128.01,130.91,1.0,0.6103,0.885,10,mock seed=42 R2
S2,manual,G,9,4.53,24.22,79.62,279.39,1.0,0.6138,0.8484,14,mock seed=42 R2
S2,manual,G,10,4.6,37.2,162.98,249.79,0.9962,0.7084,0.8803,6,mock seed=42 R2
S2,manual,G,11,5.87,34.75,133.68,196.46,0.9937,0.6715,0.9653,6,mock seed=42 R1
S2,manual,G,12,5.54,45.2,89.92,81.82,1.0,0.6893,0.9323,8,mock seed=42 R1
S2,manual,G,13,3.8,38.62,108.36,266.8,1.0,0.7024,0.8949,8,mock seed=42 R1
S2,manual,G,14,5.11,57.37,55.62,273.68,1.0,0.6781,0.9358,5,mock seed=42 R1
S2,manual,G,15,6.29,62.72,86.86,209.85,0.9987,0.6964,0.8849,25,mock seed=42 R1
S2,gitops,A,1,6.09,15.12,36.43,62.31,1.0,0.736,0.9962,2,mock seed=42 R2
S2,gitops,A,2,4.27,15.01,30.07,63.62,0.9979,0.7157,0.9883,1,mock seed=42 R2
S2,gitops,A,3,4.12,11.1,30.62,64.39,1.0,0.7284,0.9707,0,mock seed=42 R2
S2,gitops,A,4,6.58,12.64,32.75,53.82,1.0,0.6683,0.9956,4,mock seed=42 R2
S2,gitops,A,5,5.34,20.91,36.08,66.47,0.9996,0.6031,0.9768,2,mock seed=42 R2
S2,gitops,A,6,4.87,12.61,24.48,59.55,0.9955,0.6629,0.9822,0,mock seed=42 R2
S2,gitops,A,7,4.81,14.6,32.69,58.72,0.9986,0.7235,0.9967,0,mock seed=42 R2
S2,gitops,A,8,5.06,13.24,26.13,66.92,1.0,0.7228,0.9928,3,mock seed=42 R2
S2,gitops,A,9,4.92,18.12,31.03,65.69,1.0,0.7124,0.9826,3,mock seed=42 R2
S2,gitops,A,10,4.64,13.9,36.95,53.94,0.9976,0.6206,0.9824,1,mock seed=42 R2
S2,gitops,A,11,7.24,14.17,22.5,68.1,0.9964,0.765,0.9872,1,mock seed=42 R1
S2,gitops,A,12,5.61,14.49,27.76,58.21,0.9936,0.7199,0.9721,0,mock seed=42 R1
S2,gitops,A,13,5.61,15.68,32.66,59.41,1.0,0.7462,0.9945,1,mock seed=42 R1
S2,gitops,A,14,4.65,11.98,31.89,64.91,1.0,0.6532,0.9809,1,mock seed=42 R1
S2,gitops,A,15,3.49,15.84,21.66,51.49,1.0,0.7912,0.9778,1,mock seed=42 R1
S2,gitops,B,1,6.42,18.52,41.78,110.91,0.9981,0.6861,0.9752,1,mock seed=42 R2
S2,gitops,B,2,3.67,16.83,50.66,89.33,0.9984,0.6126,0.9878,2,mock seed=42 R2
S2,gitops,B,3,4.33,20.48,44.33,95.45,1.0,0.6348,0.9847,1,mock seed=42 R2
S2,gitops,B,4,4.66,17.8,44.58,92.48,1.0,0.635,0.9996,1,mock seed=42 R2
S2,gitops,B,5,4.83,19.01,43.27,101.53,1.0,0.6618,0.9787,1,mock seed=42 R2
S2,gitops,B,6,4.86,17.68,54.66,93.8,1.0,0.6431,0.9868,1,mock seed=42 R2
S2,gitops,B,7,4.93,20.89,57.49,91.16,0.9883,0.6453,1.0,0,mock seed=42 R2
S2,gitops,B,8,4.35,21.77,39.99,71.72,0.9983,0.6546,0.9713,0,mock seed=42 R2
S2,gitops,B,9,5.01,18.78,47.66,73.6,1.0,0.5908,1.0,3,mock seed=42 R2
S2,gitops,B,10,5.25,21.69,45.12,76.14,0.9975,0.5894,0.9772,1,mock seed=42 R2
S2,gitops,B,11,4.1,20.96,36.21,94.0,0.9976,0.7203,0.9932,0,mock seed=42 R1
S2,gitops,B,12,4.4,20.17,38.38,84.42,0.9987,0.6137,0.9778,0,mock seed=42 R1
S2,gitops,B,13,3.13,16.83,49.24,68.42,0.9932,0.7395,0.9836,1,mock seed=42 R1
S2,gitops,B,14,5.53,15.43,43.44,68.15,1.0,0.5703,0.9795,1,mock seed=42 R1
S2,gitops,B,15,6.08,27.27,41.79,72.17,0.9888,0.6378,0.9868,1,mock seed=42 R1
S2,gitops,C,1,5.32,12.58,23.81,41.74,1.0,0.8006,0.9989,0,mock seed=42 R2
S2,gitops,C,2,3.86,9.42,22.17,42.08,1.0,0.8176,1.0,2,mock seed=42 R2
S2,gitops,C,3,5.38,12.12,30.55,50.86,0.9985,0.7581,0.997,1,mock seed=42 R2
S2,gitops,C,4,6.05,8.45,24.79,49.7,0.9964,0.9192,0.9893,0,mock seed=42 R2
S2,gitops,C,5,5.02,8.39,22.15,57.37,0.9969,0.7586,1.0,1,mock seed=42 R2
S2,gitops,C,6,4.64,11.57,21.98,42.54,0.9948,0.7691,0.9797,0,mock seed=42 R2
S2,gitops,C,7,5.18,12.42,31.38,44.99,1.0,0.8156,0.9875,1,mock seed=42 R2
S2,gitops,C,8,5.26,11.54,23.66,39.74,0.996,0.7689,0.9788,0,mock seed=42 R2
S2,gitops,C,9,5.96,10.37,26.06,42.24,0.9985,0.7655,0.996,0,mock seed=42 R2
S2,gitops,C,10,5.81,11.56,22.56,40.6,1.0,0.8448,0.9927,3,mock seed=42 R2
S2,gitops,C,11,5.38,10.49,29.37,52.71,1.0,0.8343,1.0,2,mock seed=42 R1
S2,gitops,C,12,5.77,11.42,25.02,51.47,1.0,0.7322,0.9746,0,mock seed=42 R1
S2,gitops,C,13,4.23,10.84,27.38,48.73,1.0,0.7388,0.9854,1,mock seed=42 R1
S2,gitops,C,14,4.42,12.29,33.25,49.87,0.9965,0.7913,0.9909,0,mock seed=42 R1
S2,gitops,C,15,4.97,9.4,21.39,48.88,0.9992,0.7717,0.9882,1,mock seed=42 R1
S2,gitops,D,1,4.92,26.5,55.13,130.3,1.0,0.6433,0.9971,1,mock seed=42 R2
S2,gitops,D,2,5.2,28.99,54.13,108.69,1.0,0.6208,0.9818,1,mock seed=42 R2
S2,gitops,D,3,3.23,24.18,58.58,117.11,1.0,0.5392,0.9818,1,mock seed=42 R2
S2,gitops,D,4,4.68,23.09,69.97,135.49,1.0,0.5815,1.0,0,mock seed=42 R2
S2,gitops,D,5,4.35,18.56,56.03,133.58,1.0,0.6031,0.9823,1,mock seed=42 R2
S2,gitops,D,6,3.59,27.06,67.36,127.85,0.9989,0.6282,0.9917,0,mock seed=42 R2
S2,gitops,D,7,6.48,23.68,66.98,76.46,1.0,0.6734,0.9903,0,mock seed=42 R2
S2,gitops,D,8,5.45,22.59,64.92,105.44,0.997,0.6563,0.9997,1,mock seed=42 R2
S2,gitops,D,9,4.48,27.75,51.0,126.42,1.0,0.5956,1.0,0,mock seed=42 R2
S2,gitops,D,10,4.83,21.34,69.15,106.2,1.0,0.5964,0.9795,0,mock seed=42 R2
S2,gitops,D,11,6.11,25.76,50.92,125.5,0.9993,0.7727,0.9929,2,mock seed=42 R1
S2,gitops,D,12,5.08,32.48,58.95,88.8,0.998,0.6727,0.9938,0,mock seed=42 R1
S2,gitops,D,13,4.45,22.9,63.25,144.09,1.0,0.6228,0.9767,1,mock seed=42 R1
S2,gitops,D,14,3.92,24.15,62.74,99.52,0.9949,0.5953,0.995,4,mock seed=42 R1
S2,gitops,D,15,4.4,20.98,55.4,127.38,1.0,0.495,0.9821,1,mock seed=42 R1
S2,gitops,E,1,3.87,24.36,34.85,79.32,1.0,0.7316,0.9827,2,mock seed=42 R2
S2,gitops,E,2,5.46,15.29,41.71,65.51,1.0,0.668,0.9696,1,mock seed=42 R2
S2,gitops,E,3,3.41,19.46,46.13,90.63,0.9987,0.7504,0.9989,0,mock seed=42 R2
S2,gitops,E,4,4.73,18.09,36.58,81.23,0.9993,0.744,1.0,3,mock seed=42 R2
S2,gitops,E,5,6.3,19.46,52.17,61.58,0.9966,0.7709,0.994,3,mock seed=42 R2
S2,gitops,E,6,5.56,15.41,42.39,88.83,1.0,0.7602,0.9923,2,mock seed=42 R2
S2,gitops,E,7,4.32,15.17,31.05,77.5,0.9999,0.7608,0.995,0,mock seed=42 R2
S2,gitops,E,8,6.17,17.28,32.72,80.43,0.9908,0.7105,0.9998,1,mock seed=42 R2
S2,gitops,E,9,6.21,17.0,36.53,87.59,0.9977,0.7934,0.9833,0,mock seed=42 R2
S2,gitops,E,10,4.36,18.93,41.08,72.93,0.9936,0.6959,0.9939,1,mock seed=42 R2
S2,gitops,E,11,4.69,20.07,33.74,70.74,0.9952,0.8204,0.9646,1,mock seed=42 R1
S2,gitops,E,12,4.67,22.57,31.25,67.35,0.9993,0.7707,0.9856,0,mock seed=42 R1
S2,gitops,E,13,4.31,21.46,35.39,80.07,0.9987,0.717,1.0,0,mock seed=42 R1
S2,gitops,E,14,4.65,20.96,31.21,68.31,1.0,0.75,0.9926,1,mock seed=42 R1
S2,gitops,E,15,3.1,18.88,35.2,75.49,1.0,0.7486,0.9895,0,mock seed=42 R1
S2,gitops,F,1,4.57,25.74,101.75,133.89,1.0,0.4752,0.9912,0,mock seed=42 R2
S2,gitops,F,2,4.65,34.7,74.96,162.79,0.9911,0.6418,0.9781,1,mock seed=42 R2
S2,gitops,F,3,5.46,26.15,71.59,139.4,1.0,0.5375,0.9696,1,mock seed=42 R2
S2,gitops,F,4,4.61,27.48,73.76,129.89,0.9887,0.5704,0.9952,1,mock seed=42 R2
S2,gitops,F,5,5.07,23.41,59.21,133.11,1.0,0.5319,0.9855,1,mock seed=42 R2
S2,gitops,F,6,5.27,28.34,63.74,100.81,1.0,0.5724,0.9882,1,mock seed=42 R2
S2,gitops,F,7,3.76,27.35,58.07,189.86,1.0,0.4399,0.9749,2,mock seed=42 R2
S2,gitops,F,8,6.56,31.41,74.99,134.43,1.0,0.531,0.9872,2,mock seed=42 R2
S2,gitops,F,9,5.15,35.76,58.71,129.23,0.9942,0.5625,0.9907,1,mock seed=42 R2
S2,gitops,F,10,3.99,29.78,65.11,134.57,1.0,0.5459,1.0,1,mock seed=42 R2
S2,gitops,F,11,4.96,22.36,85.0,146.96,1.0,0.5124,0.9884,0,mock seed=42 R1
S2,gitops,F,12,5.99,31.4,73.85,180.56,1.0,0.5883,0.9758,1,mock seed=42 R1
S2,gitops,F,13,5.58,30.77,55.4,145.75,0.9925,0.5473,0.9734,2,mock seed=42 R1
S2,gitops,F,14,6.53,33.82,65.56,168.41,0.993,0.5019,0.9933,1,mock seed=42 R1
S2,gitops,F,15,4.18,30.46,58.68,159.55,1.0,0.62,0.9901,3,mock seed=42 R1
S2,gitops,G,1,5.47,30.15,45.34,95.98,0.9971,0.6906,0.9938,1,mock seed=42 R2
S2,gitops,G,2,4.51,25.25,54.04,99.82,0.9984,0.8013,0.9818,0,mock seed=42 R2
S2,gitops,G,3,4.4,27.89,56.65,89.82,1.0,0.6929,0.9848,3,mock seed=42 R2
S2,gitops,G,4,5.34,22.76,50.44,90.38,1.0,0.6275,0.9943,0,mock seed=42 R2
S2,gitops,G,5,6.41,19.02,44.49,85.45,1.0,0.6113,0.9852,3,mock seed=42 R2
S2,gitops,G,6,5.87,17.68,55.98,89.48,1.0,0.7175,0.9799,1,mock seed=42 R2
S2,gitops,G,7,4.79,21.44,59.54,88.77,1.0,0.7277,0.9981,2,mock seed=42 R2
S2,gitops,G,8,4.16,23.05,48.97,101.12,1.0,0.6206,0.9876,1,mock seed=42 R2
S2,gitops,G,9,6.15,25.0,52.18,126.91,0.9925,0.6796,0.9937,0,mock seed=42 R2
S2,gitops,G,10,5.24,18.35,55.18,115.87,1.0,0.5874,0.9803,1,mock seed=42 R2
S2,gitops,G,11,2.84,26.1,51.02,87.71,1.0,0.6461,0.9831,2,mock seed=42 R1
S2,gitops,G,12,5.29,23.53,55.94,81.15,1.0,0.6433,0.9932,0,mock seed=42 R1
S2,gitops,G,13,5.4,22.39,26.95,102.68,1.0,0.7023,0.989,2,mock seed=42 R1
S2,gitops,G,14,5.25,23.44,57.83,105.44,0.9955,0.5581,0.9852,1,mock seed=42 R1
S2,gitops,G,15,5.64,22.49,59.66,95.57,1.0,0.7053,1.0,0,mock seed=42 R1
